{
  "ExecutionTime": 3.456,
  "Status": "OPTIMAL_SOLUTION",
  "Objective": 564.0,
  "n": 10,
  "operationIDs": [
    60,
    61,
    62,
    63,
    64,
    65,
    66,
    67,
    68,
    69
  ],
  "operationProductCode": [
    "AA",
    "BB",
    "CC",
    "DD",
    "EE.20",
    "FF.20",
    "G.20",
    "EE.10",
    "FF.10",
    "GG.10"
  ],
  "operationProductQuantity": [
    3,
    30,
    30,
    30,
    30,
    30,
    30,
    30,
    30,
    30
  ],
  "m": 8,
  "workstationIDs": [
    5,
    6,
    7,
    8,
    9,
    10,
    11,
    12
  ],
  "workstationNames": [
    "WS11",
    "WS12",
    "WS13",
    "WS21",
    "WS22",
    "WS31",
    "WS32",
    "WS41"
  ],
  "planificationStartTime": "2022-05-01 00:00:00.000000",
  "startTime": [
    [
      0.0,
      0.0,
      0.0,
      0.0,
      0.0,
      0.0,
      0.0,
      554.0
    ],
    [
      0.0,
      0.0,
      0.0,
      0.0,
      0.0,
      204.0,
      204.0,
      0.0
    ],
    [
      0.0,
      0.0,
      0.0,
      0.0,
      0.0,
      481.0,
      445.0,
      0.0
    ],
    [
      0.0,
      0.0,
      0.0,
      0.0,
      0.0,
      326.0,
      326.0,
      0.0
    ],
    [
      0.0,
      0.0,
      0.0,
      51.99999999999999,
      52.0,
      0.0,
      0.0,
      0.0
    ],
    [
      0.0,
      0.0,
      0.0,
      324.0,
      324.0,
      0.0,
      0.0,
      0.0
    ],
    [
      0.0,
      0.0,
      0.0,
      217.0,
      217.0,
      0.0,
      0.0,
      0.0
    ],
    [
      0.0,
      0.0,
      0.0,
      0.0,
      0.0,
      0.0,
      0.0,
      0.0
    ],
    [
      0.0,
      197.0,
      51.99999999999999,
      0.0,
      0.0,
      0.0,
      0.0,
      0.0
    ],
    [
      55.0,
      55.0,
      0.0,
      0.0,
      0.0,
      0.0,
      0.0,
      0.0
    ]
  ],
  "completeTime": [
    [
      0.0,
      0.0,
      0.0,
      0.0,
      0.0,
      0.0,
      0.0,
      564.0
    ],
    [
      0.0,
      0.0,
      0.0,
      0.0,
      0.0,
      326.0,
      326.0,
      0.0
    ],
    [
      0.0,
      0.0,
      0.0,
      0.0,
      0.0,
      554.0,
      554.0,
      0.0
    ],
    [
      0.0,
      0.0,
      0.0,
      0.0,
      0.0,
      481.0,
      445.0,
      0.0
    ],
    [
      0.0,
      0.0,
      0.0,
      204.0,
      204.0,
      0.0,
      0.0,
      0.0
    ],
    [
      0.0,
      0.0,
      0.0,
      445.0,
      445.0,
      0.0,
      0.0,
      0.0
    ],
    [
      0.0,
      0.0,
      0.0,
      324.0,
      324.0,
      0.0,
      0.0,
      0.0
    ],
    [
      51.99999999999999,
      51.99999999999999,
      51.99999999999999,
      0.0,
      0.0,
      0.0,
      0.0,
      0.0
    ],
    [
      0.0,
      324.0,
      197.0,
      0.0,
      0.0,
      0.0,
      0.0,
      0.0
    ],
    [
      217.0,
      197.0,
      0.0,
      0.0,
      0.0,
      0.0,
      0.0,
      0.0
    ]
  ],
  "workstationAssignment": [
    [
      0,
      0,
      0,
      0,
      0,
      0,
      0,
      1
    ],
    [
      0,
      0,
      0,
      0,
      0,
      1,
      1,
      0
    ],
    [
      0,
      0,
      0,
      0,
      0,
      1,
      1,
      0
    ],
    [
      0,
      0,
      0,
      0,
      0,
      1,
      1,
      0
    ],
    [
      0,
      0,
      0,
      1,
      1,
      0,
      0,
      0
    ],
    [
      0,
      0,
      0,
      1,
      1,
      0,
      0,
      0
    ],
    [
      0,
      0,
      0,
      1,
      1,
      0,
      0,
      0
    ],
    [
      1,
      1,
      1,
      0,
      0,
      0,
      0,
      0
    ],
    [
      0,
      1,
      1,
      0,
      0,
      0,
      0,
      0
    ],
    [
      1,
      1,
      0,
      0,
      0,
      0,
      0,
      0
    ]
  ],
  "Batch": [
    [
      0,
      0,
      0,
      0,
      0,
      0,
      0,
      3
    ],
    [
      0,
      0,
      0,
      0,
      0,
      15,
      15,
      0
    ],
    [
      0,
      0,
      0,
      0,
      0,
      12,
      18,
      0
    ],
    [
      0,
      0,
      0,
      0,
      0,
      17,
      13,
      0
    ],
    [
      0,
      0,
      0,
      15,
      15,
      0,
      0,
      0
    ],
    [
      0,
      0,
      0,
      15,
      15,
      0,
      0,
      0
    ],
    [
      0,
      0,
      0,
      15,
      15,
      0,
      0,
      0
    ],
    [
      10,
      10,
      10,
      0,
      0,
      0,
      0,
      0
    ],
    [
      0,
      14,
      16,
      0,
      0,
      0,
      0,
      0
    ],
    [
      16,
      14,
      0,
      0,
      0,
      0,
      0,
      0
    ]
  ]
}