{
  "ExecutionTime": 1.295,
  "Status": "OPTIMAL_SOLUTION",
  "Objective": 887.0,
  "n": 10,
  "operationIDs": [
    60,
    61,
    62,
    63,
    64,
    65,
    66,
    67,
    68,
    69
  ],
  "operationProductCode": [
    "AA",
    "BB",
    "CC",
    "DD",
    "EE.20",
    "FF.20",
    "G.20",
    "EE.10",
    "FF.10",
    "GG.10"
  ],
  "operationProductQuantity": [
    3,
    30,
    30,
    30,
    30,
    30,
    30,
    30,
    30,
    30
  ],
  "m": 8,
  "workstationIDs": [
    5,
    6,
    7,
    8,
    9,
    10,
    11,
    12
  ],
  "workstationNames": [
    "WS11",
    "WS12",
    "WS13",
    "WS21",
    "WS22",
    "WS31",
    "WS32",
    "WS41"
  ],
  "planificationStartTime": "2022-05-01 00:00:00.000000",
  "startTime": [
    876.9999999993015,
    453.9999999993015,
    695.9999999993015,
    513.9999999993015,
    151.9999999997672,
    453.9999999997672,
    301.9999999997672,
    0.0,
    0.0,
    0.0
  ],
  "completeTime": [
    886.9999999993015,
    695.9999999993015,
    876.9999999993015,
    785.9999999993015,
    453.9999999997672,
    694.9999999997672,
    513.9999999997672,
    152.0,
    271.0,
    302.0
  ],
  "workstationAssignment": [
    12,
    11,
    11,
    10,
    9,
    9,
    8,
    5,
    7,
    6
  ]
}